102550,HW 1,38
102550,HW2,44
102550,HW3,53
102550,Activity 1,19
102550,Activity 2,28
102551,HW 1,38
102551,HW2,47
102551,HW3,53
102551,Activity 1,19
102551,Activity 2,28
102552,HW 1,38
102552,HW2,38
102552,HW3,53
102552,Activity 1,19
102552,Activity 2,28
102553,HW 1,42
102553,HW2,44
102553,HW3,43
102553,Activity 1,16
102553,Activity 2,30
102554,HW 1,42
102554,HW2,48
102554,HW3,43
102554,Activity 1,16
102554,Activity 2,30
102555,HW 1,42
102555,HW2,50
102555,HW3,43
102555,Activity 1,16
102555,Activity 2,30